问题,答案
重庆城市科技学院是一所什么类型的学校？,重庆城市科技学院是一所综合性应用技术型本科院校。
重庆城市科技学院的创建时间是？,重庆城市科技学院创建于2003年。
重庆城市科技学院位于哪个城市？,重庆城市科技学院位于重庆市。
重庆城市科技学院的校训是什么？,重庆城市科技学院的校训是：勤奋、求实、创新、奉献。
重庆城市科技学院的校园面积有多大？,重庆城市科技学院的校园面积约XX平方米。
重庆城市科技学院有哪些学院？,重庆城市科技学院有XX个学院，如计算机学院、机械学院等。
重庆城市科技学院的校长是谁？,重庆城市科技学院的校长是XXX。
重庆城市科技学院的官方网站是什么？,重庆城市科技学院的官方网站是http://www.cqut.edu.cn/。
重庆城市科技学院的联系电话是多少？,重庆城市科技学院的联系电话是XXXX-XXXXXXX。
重庆城市科技学院的邮政编码是多少？,重庆城市科技学院的邮政编码是XXXXXX。
重庆城市科技学院的学校口号是什么？,重庆城市科技学院的学校口号是XXXX。
重庆城市科技学院的办学理念是什么？,重庆城市科技学院的办学理念是XXXX。
重庆城市科技学院有哪些特色专业？,重庆城市科技学院有XXX个特色专业，如XXX。
重庆城市科技学院的学生人数有多少？,重庆城市科技学院的学生人数约为XXXX人。
重庆城市科技学院有哪些校友？,重庆城市科技学院的校友包括XXX。
重庆城市科技学院的教学质量如何？,重庆城市科技学院的教学质量一直以来都备受好评。
重庆城市科技学院有哪些校园设施？,重庆城市科技学院拥有现代化的校园设施，如教学楼、实验室、图书馆等。
重庆城市科技学院的图书馆藏书数量有多少？,重庆城市科技学院的图书馆藏书数量约为XXXX万册。
重庆城市科技学院的图书馆开放时间是什么？,重庆城市科技学院的图书馆开放时间为每天X时至X时。
重庆城市科技学院的校歌是什么？,重庆城市科技学院的校歌是XXXX。
重庆城市科技学院是一所什么类型的学校？,重庆城市科技学院是一所综合性应用技术型本科院校。
重庆城市科技学院的创建时间是？,重庆城市科技学院创建于2003年。
重庆城市科技学院位于哪个城市？,重庆城市科技学院位于重庆市。
重庆城市科技学院的校训是什么？,重庆城市科技学院的校训是：勤奋、求实、创新、奉献。
重庆城市科技学院的校园面积有多大？,重庆城市科技学院的校园面积约XX平方米。
重庆城市科技学院有哪些学院？,重庆城市科技学院有XX个学院，如计算机学院、机械学院等。
重庆城市科技学院的校长是谁？,重庆城市科技学院的校长是XXX。
重庆城市科技学院的官方网站是什么？,重庆城市科技学院的官方网站是http://www.cqut.edu.cn/。
重庆城市科技学院的联系电话是多少？,重庆城市科技学院的联系电话是XXXX-XXXXXXX。
重庆城市科技学院的邮政编码是多少？,重庆城市科技学院的邮政编码是XXXXXX。
重庆城市科技学院的学校口号是什么？,重庆城市科技学院的学校口号是XXXX。
重庆城市科技学院的办学理念是什么？,重庆城市科技学院的办学理念是XXXX。
重庆城市科技学院有哪些特色专业？,重庆城市科技学院有XXX个特色专业，如XXX。
重庆城市科技学院的学生人数有多少？,重庆城市科技学院的学生人数约为XXXX人。
重庆城市科技学院有哪些校友？,重庆城市科技学院的校友包括XXX。
重庆城市科技学院的教学质量如何？,重庆城市科技学院的教学质量一直以来都备受好评。
重庆城市科技学院有哪些校园设施？,重庆城市科技学院拥有现代化的校园设施，如教学楼、实验室、图书馆等。
重庆城市科技学院的图书馆藏书数量有多少？,重庆城市科技学院的图书馆藏书数量约为XXXX万册。
重庆城市科技学院的图书馆开放时间是什么？,重庆城市科技学院的图书馆开放时间为每天X时至X时。
重庆城市科技学院的校歌是什么？,重庆城市科技学院的校歌是XXXX。
重庆城市科技学院是一所什么类型的学校？,重庆城市科技学院是一所综合性应用技术型本科院校。
重庆城市科技学院的创建时间是？,重庆城市科技学院创建于2003年。
重庆城市科技学院位于哪个城市？,重庆城市科技学院位于重庆市。
重庆城市科技学院的校训是什么？,重庆城市科技学院的校训是：勤奋、求实、创新、奉献。
重庆城市科技学院的校园面积有多大？,重庆城市科技学院的校园面积约XX平方米。
重庆城市科技学院有哪些学院？,重庆城市科技学院有XX个学院，如计算机学院、机械学院等。
重庆城市科技学院的校长是谁？,重庆城市科技学院的校长是XXX。
重庆城市科技学院的官方网站是什么？,重庆城市科技学院的官方网站是http://www.cqut.edu.cn/。
重庆城市科技学院的联系电话是多少？,重庆城市科技学院的联系电话是XXXX-XXXXXXX。
重庆城市科技学院的邮政编码是多少？,重庆城市科技学院的邮政编码是XXXXXX。
重庆城市科技学院的学校口号是什么？,重庆城市科技学院的学校口号是XXXX。
重庆城市科技学院的办学理念是什么？,重庆城市科技学院的办学理念是XXXX。
重庆城市科技学院有哪些特色专业？,重庆城市科技学院有XXX个特色专业，如XXX。
重庆城市科技学院的学生人数有多少？,重庆城市科技学院的学生人数约为XXXX人。
重庆城市科技学院有哪些校友？,重庆城市科技学院的校友包括XXX。
重庆城市科技学院的教学质量如何？,重庆城市科技学院的教学质量一直以来都备受好评。
重庆城市科技学院有哪些校园设施？,重庆城市科技学院拥有现代化的校园设施，如教学楼、实验室、图书馆等。
重庆城市科技学院的图书馆藏书数量有多少？,重庆城市科技学院的图书馆藏书数量约为XXXX万册。
重庆城市科技学院的图书馆开放时间是什么？,重庆城市科技学院的图书馆开放时间为每天X时至X时。
重庆城市科技学院的校歌是什么？,重庆城市科技学院的校歌是XXXX。
重庆城市科技学院是一所什么类型的学校？,重庆城市科技学院是一所综合性应用技术型本科院校。
重庆城市科技学院的创建时间是？,重庆城市科技学院创建于2003年。
重庆城市科技学院位于哪个城市？,重庆城市科技学院位于重庆市。
重庆城市科技学院的校训是什么？,重庆城市科技学院的校训是：勤奋、求实、创新、奉献。
重庆城市科技学院的校园面积有多大？,重庆城市科技学院的校园面积约XX平方米。
重庆城市科技学院有哪些学院？,重庆城市科技学院有XX个学院，如计算机学院、机械学院等。
重庆城市科技学院的校长是谁？,重庆城市科技学院的校长是XXX。
重庆城市科技学院的官方网站是什么？,重庆城市科技学院的官方网站是http://www.cqut.edu.cn/。
重庆城市科技学院的联系电话是多少？,重庆城市科技学院的联系电话是XXXX-XXXXXXX。
重庆城市科技学院的邮政编码是多少？,重庆城市科技学院的邮政编码是XXXXXX。
重庆城市科技学院的学校口号是什么？,重庆城市科技学院的学校口号是XXXX。
重庆城市科技学院的办学理念是什么？,重庆城市科技学院的办学理念是XXXX。
重庆城市科技学院有哪些特色专业？,重庆城市科技学院有XXX个特色专业，如XXX。
重庆城市科技学院的学生人数有多少？,重庆城市科技学院的学生人数约为XXXX人。
重庆城市科技学院有哪些校友？,重庆城市科技学院的校友包括XXX。
重庆城市科技学院的教学质量如何？,重庆城市科技学院的教学质量一直以来都备受好评。
重庆城市科技学院有哪些校园设施？,重庆城市科技学院拥有现代化的校园设施，如教学楼、实验室、图书馆等。
重庆城市科技学院的图书馆藏书数量有多少？,重庆城市科技学院的图书馆藏书数量约为XXXX万册。
重庆城市科技学院的图书馆开放时间是什么？,重庆城市科技学院的图书馆开放时间为每天X时至X时。
重庆城市科技学院的校歌是什么？,重庆城市科技学院的校歌是XXXX。
重庆城市科技学院是一所什么类型的学校？,重庆城市科技学院是一所综合性应用技术型本科院校。
重庆城市科技学院的创建时间是？,重庆城市科技学院创建于2003年。
重庆城市科技学院位于哪个城市？,重庆城市科技学院位于重庆市。
重庆城市科技学院的校训是什么？,重庆城市科技学院的校训是：勤奋、求实、创新、奉献。
重庆城市科技学院的校园面积有多大？,重庆城市科技学院的校园面积约XX平方米。
重庆城市科技学院有哪些学院？,重庆城市科技学院有XX个学院，如计算机学院、机械学院等。
重庆城市科技学院的校长是谁？,重庆城市科技学院的校长是XXX。
重庆城市科技学院的官方网站是什么？,重庆城市科技学院的官方网站是http://www.cqut.edu.cn/。
重庆城市科技学院的联系电话是多少？,重庆城市科技学院的联系电话是XXXX-XXXXXXX。
重庆城市科技学院的邮政编码是多少？,重庆城市科技学院的邮政编码是XXXXXX。
重庆城市科技学院的学校口号是什么？,重庆城市科技学院的学校口号是XXXX。
重庆城市科技学院的办学理念是什么？,重庆城市科技学院的办学理念是XXXX。
重庆城市科技学院有哪些特色专业？,重庆城市科技学院有XXX个特色专业，如XXX。
重庆城市科技学院的学生人数有多少？,重庆城市科技学院的学生人数约为XXXX人。
重庆城市科技学院有哪些校友？,重庆城市科技学院的校友包括XXX。
重庆城市科技学院的教学质量如何？,重庆城市科技学院的教学质量一直以来都备受好评。
重庆城市科技学院有哪些校园设施？,重庆城市科技学院拥有现代化的校园设施，如教学楼、实验室、图书馆等。
重庆城市科技学院的图书馆藏书数量有多少？,重庆城市科技学院的图书馆藏书数量约为XXXX万册。
重庆城市科技学院的图书馆开放时间是什么？,重庆城市科技学院的图书馆开放时间为每天X时至X时。
重庆城市科技学院的校歌是什么？,重庆城市科技学院的校歌是XXXX。
